"","amhairdew","can","put","alll","refs","cover","madden","please","asking","friend","football","fans","nfl","nflofficiating","","","","",""
"","kcchiefs_matt","dustin","colquitt","made","history","last","night","joining","jeff","feagles","shane","lechler","one","three","players","nfl","","",""
"patrickmahomes","nfl","best","","","","","","","","","","","","","","","","",""
"","","kenny","golladay","ranks","ninth","wr","position","targets","nine","per","game","third","air","yards","","per","game","th",""
"","","i’ve","never","heard","sound","like","part","haven’t","since","chargers","belong","sd","nflcommish","nfl","","","","",""
"","espnnfl","","years","ago","today","tombrady","threw","nfl","record","","td","one","quarter","one","best","performances","time","via",""
"","jaysekulow","radio","planned","parenthood","employee","jokes","selling","baby","body","parts","lamborghini","","","","","","","",""
"baldynfl","chiefs","broncos","nfl","tackles","get","destroyed","royce","freeman","slides","makes","sure","nobody","tape","","","","","",""
"","","colin","kaepernick","best","qb","","nfl","teams","right","now","sign","","","","","","","",""
"inemity","nfl","chiefs","what’s","difference","eric","reid","protest","kaepernick","","","","","","","","","","",""
"","","ea","pays","money","monopoly","rights","nfl","yet","treat","product","joke","refuse","believe","","","","","",""
"nfl","houstontexans","makes","sense","","","","","","","","","","","","","","","",""
"","espnnfl","","years","ago","today","tombrady","threw","nfl","record","","td","one","quarter","one","best","performances","time","via",""
"nfl_kneelers","mrandyngo","believe","it’s","spelled","dummy","","","","","","","","","","","","","",""
"joe","buck","may","greatest","life","ever","lives","heads","every","teams","fan","base","hot","former","cheerlead","","","","",""
"","tampabaytre","little","fun","one","we’re","almost","midway","point","nfl","season","trade","deadline","loomi","","","","","",""
"","theonion","nfl","game","day","prepper","stockpiles","coolers","bud","light","hundreds","pounds","grilled","meat","underground","bunker","","","o",""
"sportsbetting","sportspicks","sports","winning","winner","parlay","freepicks","entrepreneur","vegas","dfs","fanduel","","","","","","","","",""
"","susansember","even","brother","azcardinals","assistant","gm","time","can","replace","know","nfl","business","wise","","","","","",""
"","patmcafeeshow","it’s","","year","anniversary","many","people","call","worst","play","history","nfl","just","happened","b","","","",""
"saquon","ever","go","madden","box","","","","","","","","","","","","","","",""
"","filmystic","tedcruz","nike","nfl","stfu","daddy","quit","stirring","shit","try","use","photo","op","prop","","","","",""
"proatc","stephania_espn","pressure","just","whole","nfl","world","watching","closely","next","couple","weeks","lol","","","","","","",""
"week","","nfl","game","picks","schedule","guide","fantasy","football","tips","","","","via","espn","app","","","ovmyvyrstw",""
"","","a.j","green","trade","value","suitors","","","","","","","","","","","","",""
"","espnnfl","","years","ago","today","tombrady","threw","nfl","record","","td","one","quarter","one","best","performances","time","via",""
"","susansember","can","happen","anyone","professional","sports","career","part","time","job","insights","re","finances","shared","rodd","n","","",""
"","choppodong","seen","coaching","cheatsheets","every","sport","detailed","notes","assemble","competitive","lineups","hour","perfe","","","","","",""
"a.j","green","trade","value","suitors","","","","","","","","","","","","","","",""
"","geoffhobsoncin","zac","says","dennard","going","play","sunday","looks","like","dunlap","lawson","mean","andrew","brown","gets","first","nfl","st",""
"","chiefs","","sacks","","tfls","","touchdown","dominant","performance","defense","via","nfl","","","","","","",""
"reagan_doubleu","nfl","houstontexans","us","","","","","","","","","","","","","","","",""
"","nfl","start","robert","woods","sit","terry","mclaurin","week","","nflfantasy","start","em","sit","em","wrs","","","","via"
"michael_fabian","","","","","","","","","","","","","","","","","","",""
"bad","officiating","little","tolerable","nearly","every","defensive","penalty","automatic","first","","","","","","","","","",""
"","bydavidgardner","happy","fourth","anniversary","worst","fake","punt","nfl","history","","","ytdikipjwn","","","","","","",""
"","nfl","ain’t","gotta","perfect","sundays","just","gotta","great","volume","houstontexans","statement","win","via","nfl","fil","","","",""
"zac","says","dennard","going","play","sunday","looks","like","dunlap","lawson","mean","andrew","brown","gets","first","nfl","start","le","",""
"","","icymi","meanwhile","richard","sherman","appears","trending","back","toward","pre","injury","form","allowing","passer","rating","just","","",""
"eagles","vs","cowboys","look","rebound","headlines","best","games","sunday","nfl","week","","games","sho","","","","","",""
"broncobecka","ive","bled","black","silver","","yrs","time","struggling","w","heartfelt","disappointment","however","","","ccopoyvfsb","","","",""
"nhl","","","","units","nfl","","","","units","october","","total","","units","","","","",""
"","say","fat","i’m","getting","old","nba","nfl","sweats","jeans","","","","","","","","","",""
"","fishsports","fish","report","video","cowboys","suddenly","getting","healthy","time","eagles","","","","via","sinow","h","","",""
"","zajacobson","nfl","one","considering","boycotting","thursdaynightfootball","cheated","","","","","","","","","","","",""
"super_mcnastyyy","nfl","","azcardinals","record","record","record","it’s","impressive","anyone","hand","coul","","","","","","","",""
"","espnnfl","","years","ago","today","tombrady","threw","nfl","record","","td","one","quarter","one","best","performances","time","via",""
"","patmcafeeshow","it’s","","year","anniversary","many","people","call","worst","play","history","nfl","just","happened","b","","","",""
"nfl","houstontexans","","literally","biggest","steal","draft","","","","","","","","","","","","",""
"","flacco","sack","lb","hitchens","blitz","untouched","flacco","hit","","seconds","seems","like","protection","needs","c","","","",""
"","ourturffb","just","us","ladies","amp","available","turf","wear","erin","andrews","functional","age","appropriate","size","inclusive","","","",""
"","primeroydiez","con","andresornelash","de","regreso","te","dejamos","esta","edición","de","apuesta","ganadora","nuestro","podcast","con","las","mejores","recomendacion",""
"","espnnfl","","years","ago","today","tombrady","threw","nfl","record","","td","one","quarter","one","best","performances","time","via",""
"march_for_life","love","standing","rights","unborn","support","pray","message","find","","","","","","","","","","",""
"nfl_memes","bighurtrocks","holy","hell","hilarious","","","","","","","","","","","","","","",""
"four","years","ago","today","colts","ran","strangest","ineffective","just","plain","worst","fake","punt","nfl","history","","","","",""
"nfl_memes","wtf","","","","","","","","","","","","","","","","","",""
"","kcchiefs_matt","dustin","colquitt","made","history","last","night","joining","jeff","feagles","shane","lechler","one","three","players","nfl","","",""
"","keitnotes","fanduel","week","","","coming","one","best","weeks","yet","","","","","","","","",""
"nfl_memes","bighurtrocks","","","","","","","","","","","","","","","","","",""
"","tdexperience","going","fun","footballfriday","patdonovanradio","","","","adamrank","","","patkirwa","","","","","","",""
"","filmystic","tedcruz","nike","nfl","stfu","daddy","quit","stirring","shit","try","use","photo","op","prop","","","","",""
"","","","","","","","","","","nfl","","","","","","","","",""
"","","","","","","","","","","","","","","","","","","",""
"","pff","nfl","defense","rankings","week","","","","ubqthfidtb","","","nalevptscv","","","","","","",""
"heater","just","warmed","room","oh","marvelously","","","","","","","","","","","","","",""
"","highiightreeis","sums","nfl","refs","","","","","","","","","","","","","","",""
"","nflnetwork","want","position","worst","position","could’ve","johnelway","recalls","debut","game","","","","","","","","",""
"last","night’s","nfl","game","play","here’s","sportsbetting","","","","","","","","","","","","",""
"","chiefs","","sacks","","tfls","","touchdown","dominant","performance","defense","via","nfl","","","","","","",""
"","tdexperience","going","fun","footballfriday","patdonovanradio","","","","adamrank","","","patkirwa","","","","","","",""
"famousjameisszn","dangerusswilson","nfl","patrickmahomes","boi","u","need","stop","","","","","","","","","","","",""
"flexoffdamuscle","lol","better","nfl","career","shutup","bro","","","","","","","","","","","","",""
"nfl","bairnbcs","injury","serious","takes","","weeks","just","heal","","","","","","","","","","",""
"","nfcomtr","bugün","fenerbahçe","ülker","arena’ya","giden","herkes","oyuncularla","fotograf","çektirebilecek","nfl","sezonu","basinda","dallas","cowboys","da","","",""
"","aroundthenfl","jameis","winston","marcus","mariota","continue","disappoint","marcsessler","ponders","league","wide","qb","problem","seem","","","","",""
"dwolfsonkstp","","cba","end","need","go","nfl","model","cost","teams","picks","signin","","","","","","","",""
"","","colin","kaepernick","best","qb","","nfl","teams","right","now","sign","","","","","","","",""
"nfl","houstontexans","i’ll","go","ahead","perefect","anyways","","","","","","","","","","","","",""
"send","ukraine","acct","ok","barstoolsports","cc","nba","espnnba","espn","kilmeade","nfl","nflonfox","","","","","","","",""
"","nfl","vote","pepsi","rookie","week","","","","","","","","","","","","","",""
"mannythfc","surely","nfl","needs","somewhere","","","","","","","","","","","","","","",""
"","fantasyalarm","discover","winning","fantasy","sports","get","","everything","w","code","october","lowest","price","ever","ends","","","want","n"
"","dailyroto","top","plays","value","picks","boost","candidates","","position","","","","","","iectqltb","","","",""
"","espnnfl","","years","ago","today","tombrady","threw","nfl","record","","td","one","quarter","one","best","performances","time","via",""
"","patmcafeeshow","it’s","","year","anniversary","many","people","call","worst","play","history","nfl","just","happened","b","","","",""
"verizon","people","live","nfl","stadiums","building","suburban","america","instead","","","","","","","","","","",""
"put","money","mouth","san","francisco","","beat","washington","redskins","nfl","football","","","","betonline","none","","","",""
"","patmcafeeshow","it’s","","year","anniversary","many","people","call","worst","play","history","nfl","just","happened","b","","","",""
"nfl","card","","chiefs","","","player","prop","","joe","flacco","","rushing","yards","","","lindsay","anytime","td","scorer"
"","","","","","","","","","","","","","","","","","","",""
"","","warped","deranged","nfl","media","universe","trade","eli","manning","replace","sign","colin","kaepernick","let’s","just","replac","","",""
"dmostmane","say","throw","i’m","talking","technical","act","throwing","every","starting","qb","can","","","","","","","",""
